{"256": 
    {"1": 
        {
            "clip": 0.3263697458896786, 
            "unet_single_loop": 0.05731268578208983, 
            "vae_and_safe": 0.06175527581945062}, 
    "2": 
        {
            "clip": 0.014786268817260861, 
            "unet_single_loop": 0.05546911777928472, 
            "vae_and_safe": 0.08988066902384162
        }, 
    "3": 
        {
            "clip": 0.015238173073157668, 
            "unet_single_loop": 0.06321478106081485, 
            "vae_and_safe": 0.12308985996060073
        }, 
    "4": 
        {
            "clip": 0.014904048992320895, 
            "unet_single_loop": 0.06859993046149611, 
            "vae_and_safe": 0.17268801596947014
        }, 
    "5": 
        {
            "clip": 0.015785160940140486, 
            "unet_single_loop": 0.06833868416026234, 
            "vae_and_safe": 0.18721789796836674
        }, "6": {"clip": 0.015629461035132408, "unet_single_loop": 0.07725216682069004, "vae_and_safe": 0.21086293295957148}, "7": {"clip": 0.01676338305696845, "unet_single_loop": 0.07985930670052767, "vae_and_safe": 0.23544998606666923}, "8": {"clip": 0.01612357096746564, "unet_single_loop": 0.07429103083908557, "vae_and_safe": 0.27374273887835443}, "9": {"clip": 0.018191255861893296, "unet_single_loop": 0.08471335532143712, "vae_and_safe": 0.28850055718794465}, "10": {"clip": 0.01685951091349125, "unet_single_loop": 0.09004662292078137, "vae_and_safe": 0.3023124730680138}, "11": {"clip": 0.016978816827759147, "unet_single_loop": 0.0933580306591466, "vae_and_safe": 0.3247527109924704}, "12": {"clip": 0.017084933118894696, "unet_single_loop": 0.09146748309955001, "vae_and_safe": 0.33288063993677497}, "13": {"clip": 0.017868042923510075, "unet_single_loop": 0.09991787503939122, "vae_and_safe": 0.3587788238655776}, "14": {"clip": 0.018180386163294315, "unet_single_loop": 0.08516742448322474, "vae_and_safe": 0.3903299840167165}, "15": {"clip": 0.01919795898720622, "unet_single_loop": 0.08836085794027895, "vae_and_safe": 0.40881399903446436}, "16": {"clip": 0.0189190951641649, "unet_single_loop": 0.0893202500604093, "vae_and_safe": 0.4217554370407015}, "17": {"clip": 0.01892948499880731, "unet_single_loop": 0.11015411041676998, "vae_and_safe": 0.4972775219939649}, "18": {"clip": 0.01944371801801026, "unet_single_loop": 0.11188120072241872, "vae_and_safe": 0.7243853220716119}, "19": {"clip": 0.01914690504781902, "unet_single_loop": 0.11397301395889371, "vae_and_safe": 0.5349360750988126}, "20": {"clip": 0.019785032840445638, "unet_single_loop": 0.11727139153983444, "vae_and_safe": 0.5411638629157096}, "21": {"clip": 0.020841137040406466, "unet_single_loop": 0.11924883941654116, "vae_and_safe": 0.5521072328556329}, "22": {"clip": 0.01985044195316732, "unet_single_loop": 0.12225257069803774, "vae_and_safe": 0.579160318011418}, "23": {"clip": 0.02006532484665513, "unet_single_loop": 0.12341472350060939, "vae_and_safe": 0.5880437791347504}, "24": {"clip": 0.02107795514166355, "unet_single_loop": 0.12534157991874964, "vae_and_safe": 0.6062776779290289}}, "512": {"1": {"clip": 0.016566849080845714, "unet_single_loop": 0.07286296888254583, "vae_and_safe": 0.13971799495629966}, "2": {"clip": 0.014455445110797882, "unet_single_loop": 0.10470964721869677, "vae_and_safe": 0.23132578399963677}, "3": {"clip": 0.01469325297512114, "unet_single_loop": 0.12808439125772567, "vae_and_safe": 0.32991505810059607}, "4": {"clip": 0.015007030917331576, "unet_single_loop": 0.14895897917915135, "vae_and_safe": 0.8038711359258741}, "5": {"clip": 0.01648892113007605, "unet_single_loop": 0.1594704549619928, "vae_and_safe": 0.6065202078316361}, "6": {"clip": 0.0155559410341084, "unet_single_loop": 0.17738707348238678, "vae_and_safe": 0.7411248609423637}, "7": {"clip": 0.026678035035729408, "unet_single_loop": 0.20107012701686472, "vae_and_safe": 0.737880693981424}, "8": {"clip": 0.0178067060187459, "unet_single_loop": 0.188637747396715, "vae_and_safe": 0.9615429549012333}, "9": {"clip": 0.01651726313866675, "unet_single_loop": 0.23552721079904587, "vae_and_safe": 0.9305615830235183}, "10": {"clip": 0.016474161064252257, "unet_single_loop": 0.2628810587199405, "vae_and_safe": 1.0027036101091653}, "11": {"clip": 0.01783966994844377, "unet_single_loop": 0.26736932737752794, "vae_and_safe": 1.061278210952878}, "12": {"clip": 0.01725077093578875, "unet_single_loop": 0.2571183888381347, "vae_and_safe": 1.1443467980716377}, "13": {"clip": 0.017559243831783533, "unet_single_loop": 0.2698894684575498, "vae_and_safe": 1.2045980119146407}, "14": {"clip": 0.0187930001411587, "unet_single_loop": 0.28031754307914525, "vae_and_safe": 1.248679405078292}, "15": {"clip": 0.018301332835108042, "unet_single_loop": 0.2965465252008289, "vae_and_safe": 1.3028313680551946}}, "768": {"1": {"clip": 0.014803878031671047, "unet_single_loop": 0.1204518451821059, "vae_and_safe": 0.2605591651517898}, "2": {"clip": 0.015159518923610449, "unet_single_loop": 0.20390283475629986, "vae_and_safe": 0.5074652808252722}, "3": {"clip": 0.015264597022905946, "unet_single_loop": 0.2937540655815974, "vae_and_safe": 0.7781946370378137}, "4": {"clip": 0.015912713017314672, "unet_single_loop": 0.35276983697898684, "vae_and_safe": 1.025565356016159}, "5": {"clip": 0.016232314985245466, "unet_single_loop": 0.3514271951559931, "vae_and_safe": 1.3633422020357102}, "6": {"clip": 0.0172727529425174, "unet_single_loop": 0.4490323834028095, "vae_and_safe": 1.5292914679739624}, "7": {"clip": 0.017490727826952934, "unet_single_loop": 0.4712373038986698, "vae_and_safe": 1.643612964078784}, "8": {"clip": 0.017596424091607332, "unet_single_loop": 0.49358028553891925, "vae_and_safe": 1.9453866719268262}}, "1024": {"1": {"clip": 0.016105794114992023, "unet_single_loop": 0.21028808628208936, "vae_and_safe": 0.432236781809479}, "2": {"clip": 0.018111928831785917, "unet_single_loop": 0.390592196858488, "vae_and_safe": 0.96431869501248}, "3": {"clip": 0.015812928089872003, "unet_single_loop": 0.5393751856638118, "vae_and_safe": 1.4435217240825295}, "4": {"clip": 0.016548624029383063, "unet_single_loop": 0.7081186870392412, "vae_and_safe": 1.9536824258975685}, "5": {"clip": 0.017848079092800617, "unet_single_loop": 0.798535282118246, "vae_and_safe": 2.4833057958167046}}}